review_id,k,scale,analysis_name,egger_p,egger_sig,begg_p,begg_tau,begg_sig,pcurve_n_sig,pcurve_evidential,pcurve_inadequate,zcurve_oir,zcurve_edr,tf_theta_unadj,tf_theta_adj,tf_k0,petpeese_theta,petpeese_method,sel3psm_theta,sel3psm_eta,sel3psm_lr_p,sel3psm_sig,limit_theta,n_detect,max_shift,mean_shift,concordance,bias_class
CD000028,21,ratio,Cause of cardiovascular mortality,0.0827,1,0.1093,-0.253,0,3,0,0,0.1429,0.0847,-0.2945,-0.2774,2,-0.1178,PET,-0.2945,1.0,1.0,0,-0.1178,1,0.6001,0.3145,100.0,Suspected
CD000143,12,ratio,Extubation failure,0.8038,0,0.8363,0.0462,0,4,1,0,0.3333,0.2778,-0.3594,-0.3594,0,-0.2114,PET,-0.3594,1.0,1.0,0,-0.2114,0,0.4118,0.2059,100.0,Suspected
CD000219,21,ratio,Pain,0.5184,0,1.0,0.0,0,6,0,0,0.2857,0.1968,-0.2367,-0.2367,0,-0.1535,PET,-0.2367,1.0,1.0,0,-0.1535,0,0.3513,0.1756,100.0,Clean
CD000478,13,ratio,Failure to maintain remission - all trials,0.339,0,0.6754,-0.1026,0,4,0,0,0.3077,0.192,-0.3794,-0.3794,0,-0.2619,PET,-0.3794,1.0,1.0,0,-0.2619,0,0.3098,0.1549,100.0,Clean
CD000547,48,ratio,Individual adverse events,0.0028,1,0.0022,0.307,1,14,1,0,0.2917,0.2734,1.0673,0.9125,5,-0.0136,PET,1.0673,1.0,1.0,0,-0.0136,2,1.0127,0.5426,50.0,Discordant
CD001155,59,ratio,"Alendronate vs Other active agent, Secondary",0.9155,0,0.8753,0.014,0,8,1,0,0.1356,0.1022,-0.1339,-0.1339,0,-0.1319,PET,-0.1339,1.0,1.0,0,-0.1319,0,0.0154,0.0077,100.0,Clean
CD001321,27,ratio,Symptomatic UTI: culture-verified UTI,0.0028,1,0.0493,-0.2707,1,7,1,0,0.2593,0.2157,-0.3496,-0.3324,2,0.0814,PET,-0.3496,1.0,1.0,0,0.0814,2,1.2327,0.6287,50.0,Discordant
CD001396,30,ratio,Response rates,0.0,1,0.0,0.5402,1,17,1,0,0.5667,0.4464,0.8946,0.8397,4,0.0664,PET,0.8946,1.0,1.0,0,0.0664,2,0.9258,0.4782,100.0,Suspected
CD001431,61,ratio,Participation in decision-making - all studies,0.7984,0,0.3735,-0.0782,0,13,1,0,0.2131,0.171,-0.023,-0.0164,2,-0.002,PET,-0.023,1.0,1.0,0,-0.002,0,0.9151,0.53,100.0,Suspected
CD001533,21,ratio,Adverse events,0.4006,0,0.2945,0.1714,0,3,0,0,0.1429,0.0828,-0.0658,-0.0658,0,-0.1047,PET,-0.0658,1.0,1.0,0,-0.1047,0,0.591,0.2955,100.0,Suspected
CD001703,21,ratio,Non-specific low back pain and spine-related leg pain: withdrawals due to adverse events,0.1395,0,0.1576,0.2286,0,4,0,0,0.1905,0.1267,0.824,0.7526,3,0.4621,PET,0.824,1.0,1.0,0,0.4621,0,0.4391,0.2412,100.0,Suspected
CD001797,5,ratio,Significant improvement in disability within 6 weeks,0.51,0,0.2333,0.6,0,3,0,0,0.6,0.4868,0.8166,0.8064,1,0.6439,PET,0.8166,1.0,1.0,0,0.6439,0,0.2116,0.1089,100.0,Clean
CD001837,49,ratio,Quit at longest follow-up (6 + months),0.018,1,0.0219,0.2262,1,13,1,0,0.2653,0.2074,0.2466,0.2197,4,0.0253,PET,0.2466,1.0,1.0,0,0.0253,2,0.8975,0.476,100.0,Suspected
CD001909,25,ratio,≥ 50% reduction in seizure frequency (intention-to-treat analysis),0.0811,1,0.8694,-0.0242,0,5,1,0,0.2,0.1714,0.5526,0.5271,4,0.4988,PEESE,0.5526,1.0,1.0,0,0.3683,1,0.3335,0.1192,100.0,Clean
CD002042,53,ratio,Participants exposed to blood transfusion by clinical specialties,0.0849,1,0.0029,-0.2818,1,43,1,0,0.8113,0.8113,-0.5324,-0.5697,3,-0.3713,PEESE,-0.5324,1.0,1.0,0,-0.3072,2,0.423,0.1989,100.0,Suspected
CD002112,21,ratio,Number of children achieving 14 consecutive dry nights by the end of treatment,0.0324,1,0.0221,0.3619,1,8,0,0,0.381,0.268,0.2866,0.2577,2,0.0681,PET,0.2866,1.0,1.0,0,0.0681,2,0.7623,0.4064,100.0,Suspected
CD002115,5,ratio,Number of participants with self-reported improvement in constipation (dichotomous),0.0011,1,0.0167,1.0,1,5,1,0,1.0,0.7829,0.791,0.791,0,-0.0149,PET,0.791,0.05,1.0,0,-0.0149,2,1.0188,0.5094,50.0,Discordant
CD002122,56,ratio,Adverse effects,0.2226,0,0.1358,-0.1375,0,19,1,0,0.3393,0.3156,-0.2112,-0.155,4,0.0338,PET,-0.2112,1.0,1.0,0,0.0338,0,1.1598,0.6464,50.0,Discordant
CD002203,50,ratio,Adverse effects of antibiotic treatment,0.0723,1,0.0055,0.2721,1,7,1,0,0.14,0.1044,-0.1308,-0.135,1,-0.2254,PEESE,-0.1308,1.0,1.0,0,-0.4597,2,2.5137,0.8171,100.0,Suspected
CD002243,180,ratio,28-day all-cause mortality - sensitivity analysis based on methodological quality,0.0001,1,0.0,-0.3127,1,18,1,0,0.1,0.0714,-0.099,-0.063,30,-0.021,PET,-0.099,1.0,1.0,0,-0.021,2,0.788,0.485,100.0,Suspected
CD002290,16,ratio,Relapse,0.0,1,0.0,-0.812,1,10,1,0,0.625,0.5374,-0.4903,-0.4642,1,-0.0285,PEESE,-0.4903,1.0,1.0,0,0.3384,2,1.6901,0.6713,75.0,Suspected
CD002303,5,ratio,Reulceration,0.8674,0,0.4833,-0.4,0,3,1,0,0.6,0.5983,0.438,0.451,1,0.3831,PET,0.438,1.0,1.0,0,0.3831,0,0.1254,0.0702,100.0,Clean
CD002971,10,ratio,Necrotising enterocolitis,0.1613,0,0.2912,-0.2889,0,2,0,0,0.2,0.1128,-0.599,-0.5257,2,-0.0897,PET,-0.599,1.0,1.0,0,-0.0897,0,0.8503,0.4557,100.0,Suspected
CD003218,5,ratio,Proportion of participants with at least 1 adverse event,0.0619,1,0.0833,0.8,1,0,0,0,0.0,0,0.5303,0.3733,1,-1.0456,PET,0.5303,1.0,1.0,0,-1.0456,2,2.9718,1.5599,50.0,Discordant
CD003331,35,ratio,All-cause mortality up to 12 months' follow-up,0.2146,0,0.8091,-0.0287,0,0,0,0,0.0,0,-0.0756,-0.0756,0,0.1673,PET,-0.0756,1.0,1.0,0,0.1673,0,3.2132,1.6066,50.0,Discordant
CD003357,7,ratio,Live birth rate per woman,0.5466,0,0.2389,0.4286,0,2,0,0,0.2857,0.272,0.5704,0.5704,0,0.097,PET,0.5704,1.0,1.0,0,0.097,0,0.8299,0.415,100.0,Suspected
CD003376,15,ratio,"Treatment versus reference, secondary",0.6347,0,0.5152,0.1287,0,1,0,0,0.0667,0.0495,-0.277,-0.277,0,-0.0284,PET,-0.277,1.0,1.0,0,-0.0284,0,0.8975,0.4488,100.0,Suspected
CD003414,16,ratio,Clinical pregnancy rate per woman,0.3558,0,0.2281,-0.2333,0,2,0,0,0.125,0.0824,-0.0898,-0.0898,0,0.1801,PET,-0.0898,1.0,1.0,0,0.1801,0,3.0058,1.5029,50.0,Discordant
CD003429,6,ratio,Adverse events,0.0062,1,0.1361,0.6,0,0,0,0,0.0,0,0.5499,0.369,2,-0.227,PEESE,0.5499,1.0,1.0,0,-0.9562,1,2.7389,1.1202,50.0,Discordant
CD003477,11,difference,Behaviour problems: agitation or aggression,0.6417,0,0.3587,-0.2364,0,0,0,0,0.0,0,-0.0477,-0.0477,0,0.1914,PET,-0.0477,1.0,1.0,0,0.1914,0,5.0173,2.5086,50.0,Discordant
CD003511,8,ratio,Miscarriage (all trials),0.4746,0,0.2751,0.3571,0,1,0,0,0.125,0.0724,-0.0984,-0.0845,1,-0.0199,PET,-0.0984,1.0,1.0,0,-0.0199,0,0.7978,0.4343,100.0,Suspected
CD003519,15,ratio,Breastfeeding 1 month to 4 months post birth,0.0881,1,0.0041,0.555,1,5,0,0,0.3333,0.2056,0.209,0.1719,4,0.0523,PET,0.209,1.0,1.0,0,0.0523,2,0.7495,0.4191,100.0,Suspected
CD003594,11,ratio,Adverse events,0.8997,0,0.3875,0.2056,0,2,0,0,0.1818,0.1344,-0.6409,-0.8418,1,-0.4952,PET,-0.6409,1.0,1.0,0,-0.4952,0,0.3134,0.1921,100.0,Clean
CD003598,21,ratio,Graft loss,0.815,0,0.9278,-0.0143,0,0,0,0,0.0,0,-0.1686,-0.164,1,-0.1684,PEESE,-0.1686,1.0,1.0,0,-0.1574,0,0.0665,0.0238,100.0,Clean
CD003743,6,ratio,Infection up to discharge from home support or hospital,0.7178,0,0.8429,-0.0741,0,1,0,0,0.1667,0.1113,-0.998,-0.998,0,-0.9238,PEESE,-0.998,1.0,1.0,0,-0.9058,0,0.0924,0.0417,100.0,Clean
CD003774,42,ratio,CMV disease,0.0472,1,0.0093,-0.2789,1,17,1,0,0.4048,0.3189,-0.8892,-0.8302,6,-0.7886,PEESE,-0.8892,1.0,1.0,0,-0.5652,2,0.3644,0.136,100.0,Suspected
CD003962,6,ratio,Adverse events,0.0531,1,0.2511,0.414,0,0,0,0,0.0,0,-0.2292,-0.2623,2,-0.3569,PEESE,-0.2292,1.0,1.0,0,-0.6305,1,1.7511,0.6133,100.0,Suspected
CD004184,7,ratio,Overall adverse events,0.5339,0,1.0,0.0476,0,1,0,0,0.1429,0.1129,-0.1096,-0.1096,0,0.0029,PET,-0.1096,1.0,1.0,0,0.0029,0,1.0263,0.5131,50.0,Discordant
CD004307,42,ratio,Smoking cessation (subgrouped by when incentives were provided),0.9525,0,0.9654,0.0046,0,10,1,0,0.2381,0.2001,0.4196,0.4196,0,0.4184,PEESE,0.4196,1.0,1.0,0,0.4239,0,0.0103,0.0033,100.0,Clean
CD004376,104,ratio,Study withdrawals at final follow-up,0.3311,0,0.033,0.1431,1,2,0,0,0.0192,0.0113,-0.0254,-0.0365,5,-0.0946,PET,-0.0254,1.0,1.0,0,-0.0946,1,2.7251,1.4719,100.0,Suspected
CD004406,6,ratio,Resolution of symptoms post-treatment (ITT analysis),0.0686,1,0.0167,-0.8667,1,0,0,0,0.0,0,0.1083,0.1181,1,0.2353,PEESE,0.1083,1.0,1.0,0,0.4131,2,2.8156,1.0199,100.0,Suspected
CD004417,17,ratio,Antibiotic use: delayed versus immediate antibiotics,0.0247,1,0.0024,-0.5573,1,17,1,0,1.0,1.0,-3.5277,-3.3502,2,-2.8133,PEESE,-3.5277,1.0,1.0,0,-1.7087,2,0.5156,0.1921,100.0,Suspected
CD004508,6,ratio,"Nausea or vomiting, or both (random-effects model)",0.4926,0,0.4694,-0.3333,0,1,0,0,0.1667,0.138,-0.062,-0.062,0,0.3787,PET,-0.062,1.0,1.0,0,0.3787,0,7.1102,3.5551,50.0,Discordant
CD004661,12,ratio,Neonatal death,0.9411,0,0.5763,0.129,0,0,0,0,0.0,0,-0.0422,-0.0422,0,-0.0352,PET,-0.0422,1.0,1.0,0,-0.0352,0,0.1669,0.0834,100.0,Clean
CD004667,16,ratio,Caesarean birth,0.6267,0,0.3502,-0.1833,0,3,0,0,0.1875,0.1397,-0.0926,-0.0926,0,-0.0522,PET,-0.0926,1.0,1.0,0,-0.0522,0,0.436,0.218,100.0,Suspected
CD004736,14,ratio,Maternal anaemia at term (Hb less than 110 g/L at 37 weeks' gestation or more) (ALL),0.0011,1,0.0003,-0.6923,1,10,1,0,0.7143,0.6589,-1.1842,-1.0312,3,-0.0417,PET,-1.1842,1.0,1.0,0,-0.0417,2,0.9648,0.5147,100.0,Suspected
CD004762,5,difference,Relaxation time (seconds),0.0038,1,0.0167,-1.0,1,5,1,0,1.0,0.8726,-0.326,-0.3002,1,-0.0217,PET,-0.326,1.0,1.0,0,-0.0217,2,0.9336,0.4866,100.0,Suspected
CD004871,5,ratio,Pain (dichotomous data; short-term): subgroup analysis by dosage,0.0001,1,0.0167,-1.0,1,2,0,0,0.4,0.3693,-0.4359,-0.4359,0,0.206,PEESE,-0.4359,1.0,1.0,0,0.9312,2,3.1362,1.1522,50.0,Discordant
CD004925,31,ratio,Urine leak and obstruction,0.033,1,0.7587,-0.0396,0,6,0,0,0.1935,0.1333,-1.0626,-0.9034,6,-0.4088,PET,-1.0626,1.0,1.0,0,-0.4088,1,0.6153,0.3451,100.0,Suspected
CD004953,11,ratio,Death,0.4322,0,0.283,0.2727,0,0,0,0,0.0,0,0.0023,-0.0229,2,-0.1788,PET,0.0023,1.0,1.0,0,-0.1788,0,0.1811,0.0969,25.0,Clean
CD005133,39,ratio,Adverse events,0.1071,0,0.1911,-0.1464,0,3,0,0,0.0769,0.0467,-0.1025,-0.097,4,-0.009,PET,-0.1025,1.0,1.0,0,-0.009,0,0.9121,0.4694,100.0,Suspected
CD005187,5,ratio,Death from any cause,0.637,0,0.2333,-0.6,0,4,1,0,0.8,0.6714,-0.3654,-0.3534,1,-0.2396,PET,-0.3654,1.0,1.0,0,-0.2396,0,0.3442,0.1802,100.0,Clean
CD005343,31,ratio,Surgically-related adverse effects (G3+),0.0114,1,0.6957,-0.0496,0,9,0,0,0.2903,0.219,-0.5631,-0.5631,0,-0.091,PET,-0.5631,1.0,1.0,0,-0.091,1,0.8384,0.4192,100.0,Suspected
CD005495,9,ratio,Rate of cerebral palsy,0.2816,0,0.0127,-0.6667,1,0,0,0,0.0,0,-0.1267,-0.0446,2,0.5231,PET,-0.1267,1.0,1.0,0,0.5231,1,5.1297,2.7268,50.0,Discordant
CD005566,28,ratio,Infectious complications,0.5722,0,0.2582,-0.1539,0,1,0,0,0.0357,0.0357,-0.1776,-0.1789,1,-0.1796,PEESE,-0.1776,1.0,1.0,0,-0.1937,0,0.0907,0.0272,100.0,Clean
CD005595,32,ratio,Adverse events,0.5945,0,0.6257,0.0615,0,1,0,0,0.0312,0.0186,0.2041,0.2041,0,0.3106,PET,0.2041,1.0,1.0,0,0.3106,0,0.5219,0.261,100.0,Suspected
CD005951,7,ratio,Death from any cause by day 90,0.4634,0,1.0,-0.0476,0,2,0,0,0.2857,0.1817,-0.2514,-0.2514,0,-0.0231,PET,-0.2514,1.0,1.0,0,-0.0231,0,0.908,0.454,100.0,Suspected
CD006023,18,ratio,Hypercalcaemia,0.1216,0,0.0959,-0.2941,1,7,1,0,0.3889,0.3598,-1.2207,-1.2207,0,-0.6281,PET,-1.2207,1.0,1.0,0,-0.6281,1,0.4854,0.2427,100.0,Suspected
CD006124,6,ratio,Perioperative complications,0.1566,0,0.1361,-0.6,0,3,1,0,0.5,0.4036,0.0204,0.0204,0,1.7326,PET,0.0204,1.0,1.0,0,1.7326,0,83.7308,41.8654,100.0,Suspected
CD006140,8,ratio,Acceptability,0.0545,1,0.1789,-0.4286,0,5,1,0,0.625,0.5673,-0.2352,-0.2352,0,-0.0031,PET,-0.2352,1.0,1.0,0,-0.0031,1,0.987,0.4935,100.0,Suspected
CD006185,78,ratio,Regaining independent walking ability,0.4735,0,0.0137,0.1988,1,10,1,0,0.1282,0.1115,0.5409,0.5409,0,0.4103,PET,0.5409,1.0,1.0,0,0.4103,1,0.2414,0.1207,100.0,Clean
CD006257,9,ratio,Death: any cause,0.9925,0,0.3429,0.2571,0,0,0,0,0.0,0,-0.0901,-0.1219,1,-0.0356,PET,-0.0901,1.0,1.0,0,-0.0356,0,0.6045,0.3905,100.0,Suspected
CD006404,112,ratio,Other adverse events,0.0897,1,0.377,0.0572,0,9,1,0,0.0804,0.0669,-0.0351,-0.0525,8,-0.0767,PEESE,-0.0351,1.0,1.0,0,-0.132,1,2.7567,1.1088,100.0,Suspected
CD006475,27,ratio,Sensitivity analysis: eczema by 2 years by definition of allergic disease,0.3371,0,0.2631,-0.1567,0,5,0,0,0.1852,0.1073,-0.1499,-0.1499,0,-0.039,PET,-0.1499,1.0,1.0,0,-0.039,0,0.7401,0.37,100.0,Suspected
CD006515,5,ratio,Mechanical complications,0.5179,0,0.7947,-0.1111,0,0,0,0,0.0,0,0.2932,0.1955,1,-0.5429,PET,0.2932,1.0,1.0,0,-0.5429,0,2.8516,1.5092,50.0,Discordant
CD006536,43,ratio,All-cause mortality,0.3092,0,0.335,0.1029,0,1,0,0,0.0233,0.0127,-0.1616,-0.2242,3,-0.4694,PET,-0.1616,1.0,1.0,0,-0.4694,0,1.9046,1.0491,100.0,Suspected
CD006632,23,difference,Length of hospital stay (days),0.074,1,0.5304,-0.0988,0,13,1,0,0.5652,0.446,-1.1693,-1.1693,0,-0.4808,PET,-1.1693,1.0,1.0,0,-0.4808,1,0.5888,0.2944,100.0,Suspected
CD006689,5,ratio,Maternal peripheral parasitaemia at delivery (amplification techniques),0.2752,0,0.4833,0.4,0,1,0,0,0.2,0.1046,-0.4712,-0.542,1,-1.1179,PET,-0.4712,1.0,1.0,0,-1.1179,0,1.3725,0.7238,100.0,Suspected
CD006913,29,ratio,"Number of patients completing program - psychotherapy vs any control, all populations",0.0129,1,0.0302,-0.2886,1,4,1,0,0.1379,0.1363,-0.0594,-0.068,2,0.0316,PET,-0.0594,1.0,1.0,0,0.0316,2,1.5323,0.8024,50.0,Discordant
CD006919,19,ratio,Clinical pregnancies all studies,0.3323,0,0.2378,0.2047,0,2,0,0,0.1053,0.0864,0.4066,0.4066,0,-0.0537,PET,0.4066,1.0,1.0,0,-0.0537,0,1.1322,0.5661,50.0,Discordant
CD007024,18,ratio,Individual adverse events,0.703,0,0.1594,0.2459,0,1,0,0,0.0556,0.0293,0.1389,0.1346,2,0.09,PET,0.1389,1.0,1.0,0,0.09,0,0.3521,0.1838,100.0,Clean
CD007026,7,ratio,All-cause death,0.2644,0,0.2389,0.4286,0,0,0,0,0.0,0,-0.0555,-0.0761,1,-0.2284,PET,-0.0555,1.0,1.0,0,-0.2284,0,3.117,1.6514,100.0,Suspected
CD007079,10,ratio,Preterm birth < 37 weeks' gestation,0.0159,1,0.0022,-0.7333,1,3,0,0,0.3,0.1916,-0.224,-0.1642,3,0.0871,PET,-0.224,1.0,1.0,0,0.0871,2,1.3886,0.761,50.0,Discordant
CD007130,26,ratio,Completers,0.2309,0,0.4532,-0.1051,0,3,1,0,0.1154,0.1029,0.0349,0.0374,2,-0.0031,PET,0.0349,1.0,1.0,0,-0.0031,0,1.0896,0.5627,50.0,Discordant
CD007310,7,ratio,Complications,0.9797,0,0.4322,-0.2632,0,0,0,0,0.0,0,0.292,0.292,0,0.2778,PET,0.292,1.0,1.0,0,0.2778,0,0.0484,0.0242,100.0,Clean
CD007374,6,ratio,Death,0.5967,0,0.4363,0.2857,0,0,0,0,0.0,0,-0.1778,-0.1778,0,-0.6172,PET,-0.1778,1.0,1.0,0,-0.6172,0,2.471,1.2355,100.0,Suspected
CD007491,8,ratio,Readmission to hospital after discharge from hospital at home or inpatient care (3 to 12 months' follow-up),0.4626,0,0.5484,0.2143,0,1,0,0,0.125,0.0893,0.0489,0.0461,1,0.2655,PET,0.0489,1.0,1.0,0,0.2655,0,4.4252,2.227,100.0,Suspected
CD007569,6,ratio,Return to work,0.6291,0,0.2722,-0.4667,0,0,0,0,0.0,0,0.0815,0.0815,0,0.011,PET,0.0815,1.0,1.0,0,0.011,0,0.8647,0.4323,100.0,Suspected
CD007572,10,ratio,Failure to induce clinical remission (6 to 12 weeks),0.0862,1,0.0726,-0.4667,1,6,1,0,0.6,0.5431,-0.1549,-0.1549,0,-0.0012,PET,-0.1549,1.0,1.0,0,-0.0012,2,0.9922,0.4961,100.0,Suspected
CD007639,5,ratio,Adverse events,0.3556,0,0.2333,-0.6,0,2,0,0,0.4,0.2437,-0.0323,-0.0323,0,0.643,PET,-0.0323,1.0,1.0,0,0.643,0,20.9112,10.4556,50.0,Discordant
CD007674,28,ratio,Clinical recovery or improvement - best and worst case scenario,0.0179,1,0.0015,0.418,1,13,1,0,0.4643,0.4002,0.3916,0.3916,0,-0.227,PET,0.3916,1.0,1.0,0,-0.227,2,1.5796,0.7898,50.0,Discordant
CD007784,13,ratio,Major cardiovascular events,0.0103,1,0.1635,-0.3077,0,10,1,0,0.7692,0.7236,-0.3303,-0.323,2,-0.26,PEESE,-0.3303,1.0,1.0,0,-0.1991,1,0.397,0.1579,100.0,Clean
CD007896,35,ratio,Withdrawals due to adverse effects,0.0986,1,0.5228,0.0756,0,8,0,0,0.2286,0.1553,0.8428,0.768,4,0.4427,PET,0.8428,1.0,1.0,0,0.4427,1,0.4748,0.2596,100.0,Suspected
CD008063,50,difference,Extent of substance use,0.0014,1,0.0011,0.3198,1,10,1,0,0.2,0.1594,0.1791,0.1624,4,-0.0273,PET,0.1791,1.0,1.0,0,-0.0273,2,1.1524,0.5995,50.0,Discordant
CD008145,6,ratio,Reception of DTP3 by 1 year of age,0.0009,1,0.0167,0.8667,1,6,1,0,1.0,0.9538,0.3092,0.3092,0,-0.013,PET,0.3092,0.05,1.0,0,-0.013,2,1.042,0.521,50.0,Discordant
CD008165,13,ratio,Proportion of patients with one or more potentially inappropriate medication,0.4447,0,0.8577,-0.0513,0,6,1,0,0.4615,0.4303,-0.2079,-0.2523,1,-0.0329,PET,-0.2079,1.0,1.0,0,-0.0329,0,0.8419,0.4743,100.0,Suspected
CD008176,38,ratio,Death (any cause),0.0901,1,0.2273,-0.137,0,0,0,0,0.0,0,-0.0488,-0.0269,5,0.0545,PET,-0.0488,1.0,1.0,0,0.0545,1,2.1183,1.1714,50.0,Discordant
CD008237,6,ratio,Independent procedure completion: type of endoscopic procedure under study,0.1432,0,0.4694,0.3333,0,4,1,0,0.6667,0.5743,0.4677,0.4542,1,0.1727,PET,0.4677,1.0,1.0,0,0.1727,0,0.6308,0.3226,100.0,Suspected
CD008349,68,difference,Upper limb function post intervention (composite measure),0.2235,0,0.6076,0.0426,0,17,1,0,0.25,0.222,0.2695,0.2946,2,-0.011,PET,0.2695,1.0,1.0,0,-0.011,0,1.0409,0.5438,50.0,Discordant
CD008469,11,ratio,Exacerbations leading to emergency department (ED) visits: subgrouped by time frame of follow-up,0.9909,0,1.0,-0.0182,0,0,0,0,0.0,0,0.0199,0.0199,0,0.0371,PET,0.0199,1.0,1.0,0,0.0371,0,0.8635,0.4318,100.0,Suspected
CD008493,10,ratio,Atrial fibrillation,0.19,0,0.0466,-0.5111,1,2,0,0,0.2,0.128,-0.1007,-0.088,2,0.0519,PET,-0.1007,1.0,1.0,0,0.0519,1,1.515,0.789,50.0,Discordant
CD008552,5,ratio,Vegetable intake,0.0352,1,0.0167,-1.0,1,1,0,0,0.2,0.1997,0.2392,0.4075,2,0.7885,PEESE,0.2392,1.0,1.0,0,1.2943,2,4.4117,1.853,100.0,Suspected
CD008564,12,ratio,Total mortality,0.0334,1,0.1969,0.303,0,1,0,0,0.0833,0.0481,-0.1066,-0.1066,0,-0.3476,PEESE,-0.1066,1.0,1.0,0,-0.6734,1,5.3196,1.8955,100.0,Suspected
CD008628,9,ratio,"Function in the long term; number of people with scores of excellent, good, or satisfactory/fair",0.4968,0,0.2595,0.3333,0,0,0,0,0.0,0,0.1709,0.123,1,-0.0559,PET,0.1709,1.0,1.0,0,-0.0559,0,1.3269,0.7335,50.0,Discordant
CD008709,31,ratio,Urinary retention,0.3918,0,0.8782,-0.0195,0,0,0,0,0.0,0,-0.3898,-0.4271,1,-0.6816,PET,-0.3898,1.0,1.0,0,-0.6816,0,0.7486,0.3983,100.0,Suspected
CD008858,63,ratio,Participants with adverse events,0.2195,0,0.7442,-0.0283,0,26,1,0,0.4127,0.4127,0.7621,0.7711,1,0.4724,PEESE,0.7621,1.0,1.0,0,0.4151,0,0.4554,0.2118,100.0,Suspected
CD008879,8,ratio,Non-infectious complications,0.199,0,0.3988,0.2857,0,1,0,0,0.125,0.0813,-0.2404,-0.2913,2,-0.6112,PET,-0.2404,1.0,1.0,0,-0.6112,0,1.5428,0.8244,100.0,Suspected
CD009022,9,ratio,Conversion to laparoscopic (use of more than one additional port)/open surgery (rate),0.7472,0,0.3585,0.2778,0,1,0,0,0.1111,0.0695,1.0835,1.0835,0,0.8116,PET,1.0835,1.0,1.0,0,0.8116,0,0.2509,0.1255,100.0,Clean
CD009102,5,ratio,Intubation and mechanical ventilation in DR,0.8676,0,0.4833,0.4,0,1,0,0,0.2,0.1735,-0.3651,-0.413,1,-0.2697,PET,-0.3651,1.0,1.0,0,-0.2697,0,0.2614,0.1635,100.0,Clean
CD009235,31,ratio,Mortality,0.1314,0,0.099,-0.2095,1,0,0,0,0.0,0,-0.0647,-0.0457,4,0.0894,PET,-0.0647,1.0,1.0,0,0.0894,1,2.3812,1.2639,50.0,Discordant
CD009252,14,ratio,Subjective symptom of cure or improvement,0.7221,0,0.7472,0.0769,0,3,0,0,0.2143,0.146,0.1694,0.1694,0,0.3237,PET,0.1694,1.0,1.0,0,0.3237,0,0.911,0.4555,100.0,Suspected
CD009298,11,ratio,Operative delivery (Subgroup analysis: nulliparous versus multiparous),0.7737,0,0.283,0.2727,0,1,0,0,0.0909,0.0631,-0.0633,-0.0708,2,-0.0902,PET,-0.0633,1.0,1.0,0,-0.0902,0,0.4237,0.2413,100.0,Suspected
CD009362,27,ratio,Pressure ulcer stage,0.9311,0,0.7544,-0.0429,0,4,0,0,0.1481,0.1062,-0.9545,-0.9317,1,-0.9663,PEESE,-0.9545,1.0,1.0,0,-0.978,0,0.0246,0.0152,100.0,Clean
CD009417,5,ratio,Adverse events of any severity or seriousness,0.0943,1,1.0,0.0,0,0,0,0,0.0,0,0.1087,0.0294,1,-0.2266,PET,0.1087,1.0,1.0,0,-0.2266,1,3.0847,1.7247,50.0,Discordant
CD009508,10,ratio,Subjective cure/improvement,0.1183,0,0.1557,0.3778,0,5,0,0,0.5,0.3222,0.8005,0.8005,0,-0.1884,PET,0.8005,1.0,1.0,0,-0.1884,0,1.2354,0.6177,50.0,Discordant
CD009531,8,ratio,Attrition/leaving the study early,0.0273,1,0.0615,0.5455,1,0,0,0,0.0,0,0.1872,0.1872,0,-0.1857,PET,0.1872,1.0,1.0,0,-0.1857,2,1.9922,0.9961,50.0,Discordant
CD009535,9,ratio,All-cause death,0.2507,0,0.0752,-0.5,1,6,1,0,0.6667,0.6013,-0.2262,-0.2223,1,0.0038,PET,-0.2262,1.0,1.0,0,0.0038,1,1.0168,0.5127,50.0,Discordant
CD009609,8,ratio,Need for treatment escalation,0.8581,0,0.2751,-0.3571,0,3,1,0,0.375,0.3514,-0.5905,-0.5546,1,-0.5843,PEESE,-0.5905,1.0,1.0,0,-0.5919,0,0.0607,0.0184,100.0,Clean
CD009679,24,ratio,Complications,0.6985,0,0.7282,-0.051,0,1,0,0,0.0417,0.0416,-0.0291,-0.0291,0,-0.2084,PET,-0.0291,1.0,1.0,0,-0.2084,0,6.1549,3.0775,100.0,Suspected
CD009730,10,ratio,Adverse effects,0.5296,0,0.2912,-0.2889,0,0,0,0,0.0,0,-0.0391,-0.0391,0,0.5604,PET,-0.0391,1.0,1.0,0,0.5604,0,15.3195,7.6598,50.0,Discordant
CD009749,25,ratio,Sensitivity analyses ,0.5237,0,0.2815,-0.1549,0,1,0,0,0.04,0.021,0.0594,0.0787,2,0.1438,PET,0.0594,1.0,1.0,0,0.1438,0,1.4224,0.7927,100.0,Suspected
CD009788,5,ratio,Leaving the study early,0.1808,0,0.2333,-0.6,0,1,0,0,0.2,0.1289,-0.388,-0.3619,2,-0.1186,PET,-0.388,1.0,1.0,0,-0.1186,0,0.6945,0.3641,100.0,Suspected
CD010001,25,ratio,Clinical pregnancy,0.1853,0,0.1411,0.2104,0,7,0,0,0.28,0.1865,0.3713,0.3444,2,0.1389,PET,0.3713,1.0,1.0,0,0.1389,0,0.626,0.3311,100.0,Suspected
CD010145,9,ratio,(Additional table) CR until progression of the disease,0.0466,1,0.1194,-0.4444,0,0,0,0,0.0,0,1.2174,1.2174,0,0.5271,PET,1.2174,1.0,1.0,0,0.5271,1,0.5671,0.2835,100.0,Suspected
CD010189,6,ratio,Overall survival,0.4409,0,0.4694,0.3333,0,1,0,0,0.1667,0.0918,0.0966,0.0966,0,-0.1197,PET,0.0966,1.0,1.0,0,-0.1197,0,2.239,1.1195,50.0,Discordant
CD010216,7,ratio,Serious adverse events,0.7599,0,0.7726,0.1429,0,0,0,0,0.0,0,-0.0746,-0.092,1,-0.1617,PET,-0.0746,1.0,1.0,0,-0.1617,0,1.1685,0.6427,100.0,Suspected
CD010290,7,ratio,Incidence of OHSS per woman by urinary gonadotropins,0.5168,0,0.7726,-0.1429,0,0,0,0,0.0,0,0.3627,0.4681,1,0.7432,PET,0.3627,1.0,1.0,0,0.7432,0,1.0492,0.5973,100.0,Suspected
CD010779,5,difference,Passive range of motion with standardised force ,0.6787,0,1.0,0.0,0,0,0,0,0.0,0,0.0629,0.0629,0,0.6183,PET,0.0629,1.0,1.0,0,0.6183,0,8.8349,4.4175,100.0,Suspected
CD010856,12,difference,"Sensitivity analysis - all included studies: change in the number of decayed, missing or filled permanent teeth (DMFT)",0.4804,0,0.1526,0.3333,0,9,1,0,0.75,0.75,0.983,0.983,0,0.5239,PET,0.983,1.0,1.0,0,0.5239,0,0.4671,0.2335,100.0,Suspected
CD010966,67,ratio,Most common adverse events (occurring in at least 10% of participants in either group),0.1487,0,0.0748,0.1499,1,1,0,0,0.0149,0.0089,-0.2072,-0.2323,6,-0.2522,PEESE,-0.2072,1.0,1.0,0,-0.3286,1,0.5855,0.2308,100.0,Suspected
CD011039,5,ratio,Morbidity (by type),0.4515,0,0.4833,-0.4,0,2,0,0,0.4,0.313,-0.2753,-0.2753,0,0.2463,PET,-0.2753,1.0,1.0,0,0.2463,0,1.8946,0.9473,50.0,Discordant
CD011044,26,ratio,Response rates,0.8801,0,0.727,0.0523,0,9,1,0,0.3462,0.3087,0.5725,0.5725,0,0.5757,PEESE,0.5725,1.0,1.0,0,0.625,0,0.0918,0.0243,100.0,Clean
CD011120,9,ratio,Tobacco use cessation,0.2753,0,0.3585,-0.2778,0,1,0,0,0.1111,0.0617,0.1035,0.1605,3,0.3394,PET,0.1035,1.0,1.0,0,0.3394,0,2.2787,1.2771,100.0,Suspected
CD011197,6,ratio,Serious adverse events,0.4257,0,0.7194,-0.2,0,0,0,0,0.0,0,0.2627,0.3322,1,0.7281,PET,0.2627,1.0,1.0,0,0.7281,0,1.7719,0.9521,100.0,Suspected
CD011204,13,ratio,Proportion of all-cause discontinuations at 6 months,0.1399,0,0.765,-0.0769,0,5,1,0,0.3846,0.3625,0.4369,0.4369,0,-0.0123,PET,0.4369,1.0,1.0,0,-0.0123,0,1.0281,0.514,50.0,Discordant
CD011381,46,ratio,Number of patients who discontinued treatment due to adverse effects,0.1306,0,0.1182,0.1594,0,12,1,0,0.2609,0.2142,0.1924,0.1443,3,-0.116,PET,0.1924,1.0,1.0,0,-0.116,0,1.6029,0.864,50.0,Discordant
CD011535,38,ratio,Anti-IL17 versus placebo,0.0107,1,0.0023,0.3457,1,35,1,0,0.9211,0.9127,3.292,3.1617,7,2.8963,PEESE,3.292,1.0,1.0,0,2.5284,2,0.232,0.0979,100.0,Suspected
CD011600,5,ratio,Pneumonia,0.3065,0,0.2333,-0.6,0,2,0,0,0.4,0.3778,0.4633,0.4994,1,0.5677,PEESE,0.4633,1.0,1.0,0,0.6844,0,0.4771,0.195,100.0,Clean
CD011626,11,ratio,Adverse events,0.1857,0,0.7541,0.0741,0,1,0,0,0.0909,0.0569,0.5696,0.3695,3,-0.1121,PET,0.5696,1.0,1.0,0,-0.1121,0,1.1968,0.6862,50.0,Discordant
CD011627,8,ratio,Number of participants with incontinence-associated dermatitis,0.8734,0,0.2751,-0.3571,0,3,0,0,0.375,0.297,-0.4069,-0.4069,0,-0.2749,PET,-0.4069,1.0,1.0,0,-0.2749,0,0.3245,0.1623,100.0,Clean
CD011670,7,ratio,Wound infection,0.1443,0,0.0457,0.6508,1,0,0,0,0.0,0,-0.0183,-0.1197,1,-1.2389,PET,-0.0183,1.0,1.0,0,-1.2389,1,66.5854,34.6755,100.0,Suspected
CD011671,17,ratio,Delayed graft function: type of donor,0.7494,0,0.6553,-0.0882,0,6,0,0,0.3529,0.2322,-0.2485,-0.2295,1,-0.2033,PET,-0.2485,1.0,1.0,0,-0.2033,0,0.1818,0.1101,100.0,Clean
CD011689,31,ratio,Shivering,0.1106,0,0.0065,0.3445,1,23,1,0,0.7419,0.7418,1.3332,1.269,3,1.0192,PEESE,1.3332,1.0,1.0,0,0.9241,1,0.3068,0.1476,100.0,Clean
CD011762,29,ratio,Major bleeding,0.1856,0,0.4644,0.0962,0,0,0,0,0.0,0,-0.0351,-0.0735,3,-0.2663,PET,-0.0351,1.0,1.0,0,-0.2663,0,6.5783,3.562,100.0,Suspected
CD011778,38,difference,PPD (change from baseline (mm)); 3 months,0.0596,1,0.2734,0.1252,0,22,1,0,0.5789,0.5789,0.4376,0.463,1,0.1127,PET,0.4376,1.0,1.0,0,0.1127,1,0.7424,0.3857,100.0,Suspected
CD011793,13,ratio,Re-exploration,0.1808,0,0.0989,-0.3484,1,0,0,0,0.0,0,-0.1285,-0.1285,0,1.1242,PET,-0.1285,1.0,1.0,0,1.1242,1,9.7491,4.8746,50.0,Discordant
CD011866,28,ratio,Dropouts,0.4896,0,0.4215,0.1111,0,4,1,0,0.1429,0.1253,-0.1932,-0.1932,0,-0.2088,PEESE,-0.1932,1.0,1.0,0,-0.2431,0,0.2582,0.0847,100.0,Clean
CD011885,7,ratio,"Clinically relevant response, as defined by study authors",0.6566,0,0.3813,-0.3333,0,2,0,0,0.2857,0.2047,0.2229,0.2485,1,0.4219,PET,0.2229,1.0,1.0,0,0.4219,0,0.8927,0.475,100.0,Suspected
CD012067,38,ratio,Adverse events,0.5159,0,0.1745,0.1538,0,13,1,0,0.3421,0.3421,0.6381,0.7148,1,0.3475,PET,0.6381,1.0,1.0,0,0.3475,0,0.4553,0.2577,100.0,Suspected
CD012079,52,ratio,Repeat surgery (0.5 to 7 years) including trials at high risk of bias,0.0,1,0.1464,0.1391,0,6,0,0,0.1154,0.0774,0.4463,0.2111,9,-0.5102,PEESE,0.4463,1.0,1.0,0,-1.0793,1,3.4185,1.5222,50.0,Discordant
CD012170,8,difference,Weight,0.3648,0,0.2751,0.3571,0,4,1,0,0.5,0.5,-2.0445,-2.0445,0,-3.9282,PEESE,-2.0445,1.0,1.0,0,-4.8442,0,1.3694,0.5727,100.0,Suspected
CD012178,5,ratio,Incidence of NEC,0.7107,0,0.8167,-0.2,0,0,0,0,0.0,0,-0.0913,-0.2163,1,0.2614,PET,-0.0913,1.0,1.0,0,0.2614,0,3.8633,2.2741,50.0,Discordant
CD012186,105,ratio,Withdrawals due to AEs,0.2554,0,0.0129,0.1645,1,24,1,0,0.2286,0.1853,0.2843,0.2369,9,0.1748,PET,0.2843,1.0,1.0,0,0.1748,1,0.3852,0.2343,100.0,Suspected
CD012268,21,difference,Body weight,0.5148,0,0.381,-0.1384,0,1,0,0,0.0476,0.0476,-0.1513,-0.1249,1,-0.3569,PEESE,-0.1513,1.0,1.0,0,-0.3858,0,1.5503,0.771,100.0,Suspected
CD012445,5,difference,Child emotional and behavioural adjustment – postintervention,0.7631,0,0.8167,0.2,0,1,0,0,0.2,0.1498,-0.0912,-0.0912,0,-0.5055,PET,-0.0912,1.0,1.0,0,-0.5055,0,4.5451,2.2725,100.0,Suspected
CD012503,17,ratio,Recurrence of ischemic stroke at the endpoint (for all studies),0.0188,1,0.4397,-0.1471,0,0,0,0,0.0,0,-0.1657,-0.1825,4,-0.0455,PET,-0.1657,1.0,1.0,0,-0.0455,1,0.7253,0.388,100.0,Suspected
CD012570,10,ratio,Adverse events,0.2215,0,0.0091,-0.6444,1,0,0,0,0.0,0,-0.0077,-0.0018,3,0.0641,PET,-0.0077,1.0,1.0,0,0.0641,1,0.0718,0.0374,50.0,Clean
CD012586,42,ratio,Live birth or ongoing pregnancy,0.0187,1,0.0829,0.186,1,2,0,0,0.0476,0.0357,-0.0578,-0.0578,0,-0.0989,PEESE,-0.0578,1.0,1.0,0,-0.1889,2,2.2702,0.7458,100.0,Suspected
CD012623,9,ratio,Macular hole closure ,0.7214,0,0.9165,-0.0282,0,3,0,0,0.3333,0.1857,0.0571,0.0612,1,0.038,PET,0.0571,1.0,1.0,0,0.038,0,0.3339,0.185,100.0,Clean
CD012635,6,ratio,All-cause mortality at 30 days,0.9348,0,0.4694,-0.3333,0,0,0,0,0.0,0,-0.0308,-0.005,1,-0.0523,PET,-0.0308,1.0,1.0,0,-0.0523,0,0.8376,0.5577,100.0,Suspected
CD012693,8,ratio,Cycle cancellations for poor response,0.9918,0,0.9049,0.0714,0,2,0,0,0.25,0.1965,-0.7774,-0.7774,0,-0.7557,PET,-0.7774,1.0,1.0,0,-0.7557,0,0.0278,0.0139,100.0,Clean
CD012712,20,ratio,Endotracheal reintubation,0.0001,1,0.0004,-0.6067,1,17,1,0,0.85,0.6943,-0.819,-0.7606,6,-0.6687,PEESE,-0.819,1.0,1.0,0,-0.4818,2,0.4117,0.1666,100.0,Suspected
CD012718,5,ratio,Caries arrest (at end of study follow-up),0.5404,0,0.4833,0.4,0,4,1,0,0.8,0.7997,0.4882,0.4882,0,-0.0669,PET,0.4882,1.0,1.0,0,-0.0669,0,1.1371,0.5685,50.0,Discordant
CD012850,5,ratio,Frequency of joint noise,0.7199,0,1.0,0.0,0,0,0,0,0.0,0,-0.0373,-0.0373,0,0.0561,PET,-0.0373,1.0,1.0,0,0.0561,0,2.5035,1.2517,50.0,Discordant
CD012891,13,ratio,Ovarian insufficiency grouped by strict or broad definition,0.0719,1,0.1265,-0.3226,0,7,1,0,0.5385,0.4608,-0.597,-0.546,1,-0.0444,PET,-0.597,1.0,1.0,0,-0.0444,1,0.9256,0.4841,100.0,Suspected
CD012905,12,ratio,Development of AKI,0.5991,0,0.4848,0.1613,0,5,0,0,0.4167,0.2712,-0.3734,-0.3734,0,-0.4466,PET,-0.3734,1.0,1.0,0,-0.4466,0,0.196,0.098,100.0,Clean
CD012925,6,ratio,Patient/client health status and well-being (undesirable outcomes),0.0413,1,0.0556,-0.7333,1,2,0,0,0.3333,0.298,-0.135,-0.135,0,0.2794,PET,-0.135,1.0,1.0,0,0.2794,2,3.0702,1.5351,50.0,Discordant
CD012942,36,ratio,"Comparison 1 All antidepressants versus placebo, Outcome 2 Acceptability",0.6446,0,0.3834,-0.1016,0,7,0,0,0.1944,0.1266,0.0284,0.0284,0,-0.0528,PET,0.0284,1.0,1.0,0,-0.0528,0,2.8582,1.4291,50.0,Discordant
CD012993,13,ratio,Treatment-emergent adverse events (breakdown 2),0.0163,1,0.0321,0.4545,1,1,0,0,0.0769,0.05,0.1398,0.047,2,-0.4803,PEESE,0.1398,1.0,1.0,0,-0.9884,2,8.0679,3.2917,50.0,Discordant
CD013042,13,ratio,Participant reported treatment success,0.0098,1,0.0216,0.4872,1,1,0,0,0.0769,0.0745,0.0774,0.057,2,-0.0773,PET,0.0774,1.0,1.0,0,-0.0773,2,1.9991,1.0656,50.0,Discordant
CD013051,7,ratio,Resolution of ear discharge (1 to up to 2 weeks),0.0006,1,0.0334,0.6831,1,5,1,0,0.7143,0.6773,0.6274,0.5809,1,0.0122,PEESE,0.6274,1.0,1.0,0,-0.0877,2,1.1397,0.5486,75.0,Suspected
CD013052,5,ratio,Subgroup analysis: CSOM diagnosis,0.6916,0,1.0,0.0,0,0,0,0,0.0,0,0.0185,0.0185,0,0.0292,PET,0.0185,1.0,1.0,0,0.0292,0,0.5798,0.2899,100.0,Suspected
CD013054,8,ratio,Sensitivity analysis: unpublished - resolution of ear discharge 1 to 2 weeks,0.0003,1,0.0413,-0.6154,1,8,1,0,1.0,0.7558,-0.2663,-0.2372,2,0.0139,PET,-0.2663,1.0,1.0,0,0.0139,2,1.0521,0.5533,50.0,Discordant
CD013059,5,ratio,Treatment non-acceptability,0.7464,0,1.0,0.0,0,0,0,0,0.0,0,1.2367,1.123,1,1.8431,PET,1.2367,1.0,1.0,0,1.8431,0,0.4903,0.2681,100.0,Suspected
CD013071,16,ratio,Treatment withdrawal due to adverse events,0.5883,0,0.558,-0.1088,0,0,0,0,0.0,0,-0.2997,-0.2766,1,-0.1807,PET,-0.2997,1.0,1.0,0,-0.1807,0,0.397,0.2178,100.0,Suspected
CD013105,5,ratio,Bladder function ,0.1897,0,0.4833,-0.4,0,1,0,0,0.2,0.1599,-0.7443,-0.452,2,0.4094,PET,-0.7443,1.0,1.0,0,0.4094,0,1.55,0.8732,50.0,Discordant
CD013197,64,ratio,Serious adverse events (sensitivity analysis),0.4738,0,0.6549,-0.0389,0,11,1,0,0.1719,0.1602,-0.1503,-0.2504,2,0.1825,PET,-0.1503,1.0,1.0,0,0.1825,0,2.2143,1.2736,50.0,Discordant
CD013232,121,ratio,Adverse effects: neurological,0.1424,0,0.1201,0.0968,0,0,0,0,0.0,0,0.0314,-0.0097,6,-0.1765,PET,0.0314,1.0,1.0,0,-0.1765,0,6.6136,3.6339,25.0,Discordant
CD013255,9,ratio,Sinus rhythm until hospital discharge or end of study follow-up (paroxysmal AF),0.0255,1,0.0446,0.5556,1,9,1,0,1.0,0.9767,0.8126,0.8126,0,0.0131,PET,0.8126,0.05,1.0,0,0.0131,2,0.9839,0.4919,100.0,Suspected
CD013278,12,ratio,All-cause mortality during hospital stay,0.0832,1,0.2426,-0.2595,0,0,0,0,0.0,0,0.1834,0.2186,2,0.3109,PEESE,0.1834,1.0,1.0,0,0.511,1,1.7858,0.6682,100.0,Suspected
CD013295,66,ratio,Need for allogeneic blood transfusion (only trials included in the NMA),0.1474,0,0.5389,-0.0519,0,17,1,0,0.2576,0.1873,-0.3585,-0.3585,0,-0.1012,PET,-0.3585,1.0,1.0,0,-0.1012,0,0.7178,0.3589,100.0,Suspected
CD013332,10,ratio,SSI,0.1874,0,0.4843,-0.2,0,3,1,0,0.3,0.2483,-0.4722,-0.4722,0,0.0099,PET,-0.4722,1.0,1.0,0,0.0099,0,1.0211,0.5105,50.0,Discordant
CD013342,8,ratio,Total adverse events,0.0366,1,0.0141,0.7143,1,1,0,0,0.125,0.1156,0.3506,0.3121,2,-0.1477,PET,0.3506,1.0,1.0,0,-0.1477,2,1.4212,0.7381,50.0,Discordant
CD013344,6,ratio,Therapy-related adverse events,0.2404,0,0.1195,0.5714,0,0,0,0,0.0,0,0.5704,0.5704,0,-1.2955,PET,0.5704,1.0,1.0,0,-1.2955,0,3.2713,1.6356,50.0,Discordant
CD013353,6,difference,PIPP during endotracheal suctioning,0.3094,0,0.2722,0.4667,0,2,0,0,0.3333,0.3328,-2.1839,-2.3993,1,-5.927,PET,-2.1839,1.0,1.0,0,-5.927,0,1.714,0.8817,100.0,Suspected
CD013358,6,ratio,Smoking cessation,0.4675,0,0.4694,0.3333,0,2,0,0,0.3333,0.3066,0.368,0.368,0,-0.5742,PET,0.368,1.0,1.0,0,-0.5742,0,2.5602,1.2801,50.0,Discordant
CD013366,7,ratio,Occlusion (sensitivity analyses),0.9266,0,0.6375,0.1579,0,0,0,0,0.0,0,-0.1701,-0.1701,0,-0.1324,PET,-0.1701,1.0,1.0,0,-0.1324,0,0.2215,0.1108,100.0,Clean
CD013396,16,ratio,Adverse events,0.8783,0,0.9641,-0.0084,0,1,0,0,0.0625,0.0519,-0.1489,-0.1489,0,-0.1147,PET,-0.1489,1.0,1.0,0,-0.1147,0,0.2293,0.1147,100.0,Clean
CD013408,5,ratio,All-cause mortality,0.7768,0,1.0,0.0,0,2,0,0,0.4,0.3086,-0.4448,-0.3909,1,-0.643,PET,-0.4448,1.0,1.0,0,-0.643,0,0.4457,0.2531,100.0,Suspected
CD013414,15,ratio,Adverse events,0.7373,0,0.559,0.1238,0,3,1,0,0.2,0.1924,0.6069,0.6069,0,0.4932,PET,0.6069,1.0,1.0,0,0.4932,0,0.1873,0.0937,100.0,Clean
CD013421,15,ratio,Failure of hemostatic intervention,0.0374,1,0.0013,-0.6,1,11,1,0,0.7333,0.6196,-0.7669,-0.711,3,-0.2499,PET,-0.7669,1.0,1.0,0,-0.2499,2,0.6741,0.3553,100.0,Suspected
CD013425,21,ratio,Leaving the study early: adverse effects,0.0024,1,0.0307,0.3429,1,6,0,0,0.2857,0.1723,0.6876,0.6293,5,0.5452,PEESE,0.6876,1.0,1.0,0,0.3147,2,0.5424,0.2085,100.0,Suspected
CD013445,39,ratio,Stone-free rate,0.0001,1,0.0,0.4658,1,13,1,0,0.3333,0.2586,0.1118,0.1118,0,-0.0138,PET,0.1118,1.0,1.0,0,-0.0138,2,1.1239,0.5619,50.0,Discordant
CD013456,12,ratio,Trauma-focused versus non trauma-focused interventions; outcome 3: Dropout from treatment,0.3186,0,0.6384,0.1212,0,2,0,0,0.1667,0.132,0.3555,0.3555,0,0.4623,PEESE,0.3555,1.0,1.0,0,0.6036,0,0.6981,0.2497,100.0,Suspected
CD013462,17,ratio,Rate of postoperative pancreatic fistula (grade B or C defined according to the 2005 ISGPF definition),0.2421,0,0.3927,0.1618,0,5,0,0,0.2941,0.1865,0.299,0.1993,1,-0.405,PET,0.299,1.0,1.0,0,-0.405,0,2.3546,1.2607,50.0,Discordant
CD013474,6,ratio,Treatment discontinuation,0.3467,0,0.4694,-0.3333,0,2,0,0,0.3333,0.2263,-0.0732,-0.0732,0,0.1858,PET,-0.0732,1.0,1.0,0,0.1858,0,3.5383,1.7691,50.0,Discordant
CD013539,29,ratio,Antidrug antibodies,0.2869,0,0.6689,-0.0591,0,0,0,0,0.0,0,0.0021,0.009,2,0.0734,PET,0.0021,1.0,1.0,0,0.0734,0,0.0713,0.0374,100.0,Clean
CD013541,8,ratio,Leaving the study early (> 12 months postintervention),0.7732,0,0.9049,0.0714,0,0,0,0,0.0,0,-0.1637,-0.1895,1,-0.2716,PET,-0.1637,1.0,1.0,0,-0.2716,0,0.6594,0.3691,100.0,Suspected
CD013561,5,ratio,Adverse events,0.8231,0,0.8167,-0.2,0,1,0,0,0.2,0.1062,0.2108,0.2108,0,0.4317,PET,0.2108,1.0,1.0,0,0.4317,0,1.048,0.524,100.0,Suspected
CD013590,5,ratio,SCD-related complications (number of participants),0.2879,0,0.4833,0.4,0,0,0,0,0.0,0,0.4638,0.4029,1,-0.1069,PET,0.4638,1.0,1.0,0,-0.1069,0,1.2304,0.648,50.0,Discordant
CD013591,13,difference,Physical activity (other measures),0.1689,0,0.0027,0.6154,1,2,0,0,0.1538,0.1538,5.4592,5.405,3,1.8239,PEESE,5.4592,1.0,1.0,0,1.4821,1,0.7285,0.3511,100.0,Suspected
CD013614,15,ratio,Clinical improvement as measured by ACR20 response criteria or by the EULAR moderate response criteria or by PsARC criteria at 12 weeks,0.0256,1,0.0926,0.3333,1,14,1,0,0.9333,0.9329,1.0759,1.0759,0,0.7664,PEESE,1.0759,1.0,1.0,0,0.5286,2,0.5086,0.1991,100.0,Suspected
CD013643,6,ratio,"Number of minor adverse events (Clavien-Dindo I, II), short term (< 1 year) ",0.9926,0,0.7194,-0.2,0,3,1,0,0.5,0.4799,1.3222,1.3222,0,1.2922,PET,1.3222,1.0,1.0,0,1.2922,0,0.0226,0.0113,100.0,Clean
CD013672,7,ratio,Treatment retention,0.2289,0,1.0,-0.0476,0,1,0,0,0.1429,0.1397,0.1359,0.1359,0,-0.0371,PET,0.1359,1.0,1.0,0,-0.0371,0,1.2733,0.6366,50.0,Discordant
CD013715,7,ratio,Sensitivity analysis: pedACR70 at the latest time point,0.0261,1,0.0107,0.8095,1,2,0,0,0.2857,0.218,0.5389,0.4892,1,-0.2706,PET,0.5389,1.0,1.0,0,-0.2706,2,1.5022,0.7742,50.0,Discordant
CD013726,12,ratio,Adverse events,0.664,0,0.1969,0.303,0,2,0,0,0.1667,0.1597,-0.1767,-0.3068,2,-0.4738,PET,-0.1767,1.0,1.0,0,-0.4738,0,1.6809,1.0245,100.0,Suspected
CD013748,8,ratio,Poor functional outcome,0.6844,0,0.9008,0.0364,0,1,0,0,0.125,0.0779,-0.2621,-0.2621,0,-0.0475,PET,-0.2621,1.0,1.0,0,-0.0475,0,0.8187,0.4094,100.0,Suspected
CD013757,6,ratio,Hospitalisation due to RSV infection,0.631,0,0.2722,-0.4667,0,4,1,0,0.6667,0.5431,-0.7176,-0.6395,1,-0.5624,PET,-0.7176,1.0,1.0,0,-0.5624,0,0.2163,0.1354,100.0,Clean
CD013763,21,ratio,Rates of opioid-related adverse events (PONV),0.0078,1,0.0006,-0.5455,1,5,1,0,0.2381,0.1837,-0.7568,-0.6795,6,-0.0579,PET,-0.7568,1.0,1.0,0,-0.0579,2,0.9235,0.4873,100.0,Suspected
CD013773,7,ratio,Incidence of myopia,0.5874,0,0.7726,0.1429,0,0,0,0,0.0,0,-0.1956,-0.19,1,-0.155,PET,-0.1956,1.0,1.0,0,-0.155,0,0.2076,0.111,100.0,Clean
CD013781,14,ratio,All-cause mortality,0.0518,1,0.087,-0.3503,1,1,0,0,0.0714,0.0472,-0.4986,-0.4216,4,0.1113,PET,-0.4986,1.0,1.0,0,0.1113,2,1.2232,0.6502,50.0,Discordant
CD013789,38,difference,"Scar thickness (ultrasound, PGT vs other scar management therapy)",0.7653,0,0.4064,0.0944,0,4,1,0,0.1053,0.0924,-0.0884,-0.1171,3,-0.0352,PET,-0.0884,1.0,1.0,0,-0.0352,0,0.6018,0.382,100.0,Suspected
CD013800,48,ratio,All-cause death,0.5417,0,0.845,-0.0195,0,21,1,0,0.4375,0.4375,-0.1472,-0.1472,0,-0.0666,PET,-0.1472,1.0,1.0,0,-0.0666,0,0.5475,0.2737,100.0,Suspected
CD013821,22,ratio,Short-term complications,0.8108,0,0.4343,-0.1255,0,10,1,0,0.4545,0.4437,-0.2212,-0.1918,1,-0.1645,PET,-0.2212,1.0,1.0,0,-0.1645,0,0.2562,0.1613,100.0,Clean
CD013822,15,ratio,Knowledge - dichotomous (correct answers),0.0005,1,0.0059,0.5238,1,8,1,0,0.5333,0.5327,0.3589,0.2559,2,0.0148,PEESE,0.3589,1.0,1.0,0,-0.0844,2,1.2351,0.6202,75.0,Suspected
CD013827,14,ratio,Miscarriage,0.3775,0,0.101,-0.3407,0,0,0,0,0.0,0,-0.2233,-0.1869,1,0.3339,PET,-0.2233,1.0,1.0,0,0.3339,0,2.4954,1.2885,50.0,Discordant
CD013830,7,ratio,Positive-pressure ventilation after institution of treatment,0.4283,0,1.0,0.0476,0,0,0,0,0.0,0,-0.33,-0.3124,1,-0.2166,PET,-0.33,1.0,1.0,0,-0.2166,0,0.3435,0.1851,100.0,Clean
CD013834,8,difference,Gait speed,0.9636,0,1.0,0.0,0,2,0,0,0.25,0.1847,0.0319,0.0319,0,0.0978,PET,0.0319,1.0,1.0,0,0.0978,0,2.0679,1.0339,100.0,Suspected
CD013844,9,ratio,Acceptability (dropouts),0.5663,0,0.9195,-0.0556,0,0,0,0,0.0,0,0.3658,0.3658,0,-0.1511,PET,0.3658,1.0,1.0,0,-0.1511,0,1.4131,0.7066,50.0,Discordant
CD013875,9,ratio,Clinical pregnancy – all studies,0.4547,0,0.6122,-0.1667,0,3,1,0,0.3333,0.286,0.7962,0.7962,0,1.5045,PET,0.7962,1.0,1.0,0,1.5045,0,0.8897,0.4448,100.0,Suspected
CD014040,14,ratio,Fertilization rate ,0.1709,0,0.0264,0.4505,1,6,1,0,0.4286,0.4013,0.1242,0.1242,0,0.0147,PET,0.1242,1.0,1.0,0,0.0147,1,0.8816,0.4408,100.0,Suspected
CD014089,6,ratio,Adverse effects,0.906,0,1.0,-0.0667,0,0,0,0,0.0,0,0.4518,0.4518,0,0.382,PET,0.4518,1.0,1.0,0,0.382,0,0.1545,0.0772,100.0,Clean
CD014145,6,ratio,Failed apnea reduction after 2 to 7 days,0.7693,0,0.4694,-0.3333,0,0,0,0,0.0,0,-0.3455,-0.3455,0,-0.6861,PET,-0.3455,1.0,1.0,0,-0.6861,0,0.9858,0.4929,100.0,Suspected
CD014300,9,ratio,Acceptability at study endpoint: children,0.965,0,0.7614,-0.1111,0,3,1,0,0.3333,0.3252,-0.0843,-0.0547,1,-0.1594,PET,-0.0843,1.0,1.0,0,-0.1594,0,0.8898,0.5327,100.0,Suspected
CD014428,6,difference,Pain intensity,0.2188,0,0.7194,0.2,0,4,1,0,0.6667,0.6667,-13.8595,-13.8595,0,-18.7958,PEESE,-13.8595,1.0,1.0,0,-21.1294,0,0.5245,0.2202,100.0,Suspected
CD014541,5,ratio,Major bleeding: short-term (45 days or fewer),0.6305,0,0.8167,0.2,0,2,0,0,0.4,0.3399,0.7116,0.6381,1,0.1299,PET,0.7116,1.0,1.0,0,0.1299,0,0.8174,0.4345,100.0,Suspected
CD014544,12,ratio,Adverse events,0.8703,0,0.5352,0.1385,0,0,0,0,0.0,0,-0.0016,-0.0016,0,0.0465,PET,-0.0016,1.0,1.0,0,0.0465,0,0.0481,0.0241,50.0,Clean
CD014585,12,ratio,Adverse events,0.1693,0,0.0447,0.4545,1,4,1,0,0.3333,0.3075,-0.0548,-0.08,2,-0.1114,PEESE,-0.0548,1.0,1.0,0,-0.1613,1,1.9409,0.858,100.0,Suspected
CD014594,7,ratio,First-pass success,0.4203,0,0.5619,-0.2381,0,6,1,0,0.8571,0.8571,1.2091,1.2091,0,1.363,PEESE,1.2091,1.0,1.0,0,1.6228,0,0.3422,0.1174,100.0,Clean
CD014624,38,ratio,Depression response (early phase),0.0314,1,0.11,0.182,0,2,0,0,0.0526,0.0306,0.164,0.1567,4,0.0188,PET,0.164,1.0,1.0,0,0.0188,1,0.8852,0.4537,100.0,Suspected
CD014666,6,ratio,Occurrence of falls: immediate postintervention,0.9625,0,0.7194,-0.2,0,3,0,0,0.5,0.3563,-0.0429,-0.0429,0,-0.0433,PET,-0.0429,1.0,1.0,0,-0.0433,0,0.0096,0.0048,100.0,Clean
CD014678,10,ratio,All-cause mortality,0.418,0,1.0,0.0,0,2,0,0,0.2,0.1521,-0.1741,-0.1966,1,-0.2754,PET,-0.1741,1.0,1.0,0,-0.2754,0,0.5819,0.3232,100.0,Suspected
CD014713,5,ratio,Unplanned hospital presentation rates - unplanned hospital admissions within one month (30 days),0.6939,0,1.0,0.0,0,1,0,0,0.2,0.1018,-0.0066,0.0516,1,0.0727,PET,-0.0066,1.0,1.0,0,0.0727,0,0.0793,0.0542,25.0,Clean
CD014722,6,ratio,Diagnosis of mental disorders at 1-6 months ,0.4204,0,1.0,0.0667,0,2,0,0,0.3333,0.3093,-0.4306,-0.4306,0,-0.666,PET,-0.4306,1.0,1.0,0,-0.666,0,0.5468,0.2734,100.0,Suspected
CD014741,13,ratio,Adverse events,0.1309,0,0.0763,0.3846,1,2,0,0,0.1538,0.1091,0.1146,0.1118,2,0.0075,PET,0.1146,1.0,1.0,0,0.0075,1,0.9347,0.4735,100.0,Suspected
CD014758,22,difference,Change in refractive error from baseline,0.3806,0,0.1015,0.2527,0,10,1,0,0.4545,0.404,0.1776,0.1776,0,0.1096,PET,0.1776,1.0,1.0,0,0.1096,0,0.3827,0.1914,100.0,Clean
CD014762,7,ratio,Adverse events (to day 30 after randomisation),0.7263,0,0.5389,-0.2,0,1,0,0,0.1429,0.0992,0.0794,0.0815,1,0.0208,PET,0.0794,1.0,1.0,0,0.0208,0,0.7381,0.3759,100.0,Suspected
CD014763,9,ratio,Surgical site infection,0.0165,1,0.0024,-0.7778,1,8,0,0,0.8889,0.5874,-1.8007,-1.6614,3,0.2372,PET,-1.8007,1.0,1.0,0,0.2372,2,1.1317,0.5852,50.0,Discordant
CD014769,27,ratio,Any VTE,0.8709,0,0.4784,0.097,0,3,0,0,0.1111,0.0733,-0.1468,-0.1584,2,-0.1229,PET,-0.1468,1.0,1.0,0,-0.1229,0,0.1625,0.101,100.0,Clean
CD014792,11,ratio,Major complications,0.6602,0,0.8755,-0.037,0,0,0,0,0.0,0,-0.4023,-0.4023,0,-0.6359,PET,-0.4023,1.0,1.0,0,-0.6359,0,0.5807,0.2903,100.0,Suspected
CD014803,5,ratio,Attrition (dropouts),0.8663,0,0.8167,0.2,0,0,0,0,0.0,0,-0.0662,0.0179,1,-0.3411,PET,-0.0662,1.0,1.0,0,-0.3411,0,4.154,2.3945,75.0,Suspected
CD014820,17,ratio,Acute kidney injury,0.5537,0,0.063,0.3382,1,2,0,0,0.1176,0.0784,-0.0282,-0.0373,3,0.0375,PET,-0.0282,1.0,1.0,0,0.0375,1,2.3277,1.2441,50.0,Discordant
CD014833,5,ratio,Breastfeeding exclusivity short-term 1 to 3 months post-intervention,0.2236,0,0.2333,0.6,0,1,0,0,0.2,0.1876,0.225,0.2529,1,-0.0974,PET,0.225,1.0,1.0,0,-0.0974,0,1.4328,0.7473,50.0,Discordant
CD014844,6,ratio,Uterine infection,0.3326,0,0.0556,-0.7333,1,1,0,0,0.1667,0.0951,-0.2497,-0.2131,1,0.21,PET,-0.2497,1.0,1.0,0,0.21,1,1.8409,0.9571,50.0,Discordant
CD014845,20,difference,Subgroup analysis: food selection/purchasing by label type (kcal),0.0173,1,0.0845,-0.2834,1,6,0,0,0.3,0.199,-0.0593,-0.052,5,-0.0241,PET,-0.0593,1.0,1.0,0,-0.0241,2,0.5942,0.328,100.0,Suspected
CD014855,7,ratio,Intraperitoneal abscess,0.714,0,0.5434,0.1952,0,1,0,0,0.1429,0.1198,0.0738,0.0738,0,0.5846,PET,0.0738,1.0,1.0,0,0.5846,0,6.925,3.4625,100.0,Suspected
CD014869,8,ratio, All-cause mortality (between  1 and 5 years),0.6591,0,0.5484,-0.2143,0,2,0,0,0.25,0.1515,-0.0137,-0.0137,0,-0.0048,PET,-0.0137,1.0,1.0,0,-0.0048,0,0.6471,0.3235,100.0,Suspected
CD014871,8,difference,Self-selected comfortable walking speed,0.9334,0,0.2089,0.3706,0,4,1,0,0.5,0.4395,0.1317,0.1317,0,0.151,PET,0.1317,1.0,1.0,0,0.151,0,0.1473,0.0736,100.0,Clean
CD014872,13,ratio,Overall response rate,0.5029,0,0.59,0.1282,0,10,1,0,0.7692,0.7252,1.1036,1.0441,1,0.7745,PET,1.1036,1.0,1.0,0,0.7745,0,0.2982,0.1626,100.0,Clean
CD014889,5,ratio,All-cause mortality,0.625,0,0.2333,-0.6,0,1,0,0,0.2,0.1011,-0.7803,-0.7555,1,-0.4299,PET,-0.7803,1.0,1.0,0,-0.4299,0,0.449,0.2324,100.0,Suspected
CD014914,16,ratio,Adverse events (treatment): primary analysis,0.0105,1,0.0115,0.4667,1,4,1,0,0.25,0.2043,0.2892,0.2642,2,0.032,PET,0.2892,1.0,1.0,0,0.032,2,0.8893,0.4662,100.0,Suspected
CD014932,7,difference,Improvement in quality-of-life measures: family impact,0.7725,0,0.7726,0.1429,0,2,0,0,0.2857,0.2634,-1.082,-1.3692,1,-0.5667,PET,-1.082,1.0,1.0,0,-0.5667,0,0.4762,0.3045,100.0,Suspected
CD014937,66,ratio,Subgroup analysis: acute kidney injury by population,0.0027,1,0.0001,-0.3431,1,26,1,0,0.3939,0.2946,-0.2594,-0.2594,0,-0.0049,PET,-0.2594,1.0,1.0,0,-0.0049,2,0.981,0.4905,100.0,Suspected
CD014959,5,ratio,Proportion of people with laboratory-confirmed leptospirosis regardless of the presence of an identified clinical syndrome (inclusive of asymptomatic cases) ,0.1044,0,0.2333,-0.6,0,2,0,0,0.4,0.3123,-0.5553,-0.3378,1,0.4069,PET,-0.5553,1.0,1.0,0,0.4069,0,1.7327,0.9643,50.0,Discordant
CD014964,54,ratio,First-attempt success (Types of ultrasound guidance: preprocedural versus real‐time),0.0,1,0.0,0.525,1,32,1,0,0.5926,0.5105,0.3172,0.2833,7,-0.0626,PET,0.3172,1.0,1.0,0,-0.0626,2,1.1975,0.6255,50.0,Discordant
CD014965,8,ratio,Other side effects: sedation,0.8606,0,0.9049,-0.0714,0,3,0,0,0.375,0.2789,1.2666,1.2666,0,1.2785,PEESE,1.2666,1.0,1.0,0,1.3453,0,0.0621,0.0179,100.0,Clean
CD014966,28,ratio,Death,0.8622,0,0.0774,0.2425,1,14,1,0,0.5,0.4962,-0.0895,-0.1141,4,-0.0726,PET,-0.0895,1.0,1.0,0,-0.0726,1,0.2741,0.1629,100.0,Clean
CD014967,5,ratio,Mortality before hospital discharge,0.4401,0,0.4833,-0.4,0,0,0,0,0.0,0,0.3607,0.405,1,0.9619,PET,0.3607,1.0,1.0,0,0.9619,0,1.6669,0.8642,100.0,Suspected
CD015003,10,ratio,Adverse events,0.0175,1,0.2912,0.2889,0,0,0,0,0.0,0,0.7143,0.4766,3,-0.2043,PET,0.7143,1.0,1.0,0,-0.2043,1,1.2861,0.7262,50.0,Discordant
CD015014,24,ratio,Mortality (proportion of residents who died),0.0743,1,0.0298,0.3188,1,0,0,0,0.0,0,0.0342,0.0044,5,-0.099,PET,0.0342,1.0,1.0,0,-0.099,2,3.8951,2.1654,50.0,Discordant
CD015038,9,ratio,Wound infection,0.2764,0,0.0752,0.5,1,2,0,0,0.2222,0.1607,-1.3964,-1.3964,0,-4.966,PET,-1.3964,1.0,1.0,0,-4.966,1,2.5563,1.2781,100.0,Suspected
CD015040,7,difference,Stimulation frequency: low versus high frequency,0.0303,1,0.2389,-0.4286,0,1,0,0,0.1429,0.1234,-0.4327,-0.4327,0,0.6489,PET,-0.4327,1.0,1.0,0,0.6489,1,2.4995,1.2498,50.0,Discordant
CD015042,7,ratio,Number of women who completed treatment,0.1187,0,0.3813,-0.3333,0,0,0,0,0.0,0,-0.0202,-0.0131,2,0.019,PET,-0.0202,1.0,1.0,0,0.019,0,1.9448,1.0605,50.0,Discordant
CD015083,67,difference,Back-related function,0.2275,0,0.9741,-0.0027,0,18,1,0,0.2687,0.235,-0.1358,-0.1358,0,-0.1804,PEESE,-0.1358,1.0,1.0,0,-0.2248,0,0.6556,0.246,100.0,Suspected
CD015087,7,ratio,Nausea and/or vomiting,0.3814,0,0.2389,-0.4286,0,1,0,0,0.1429,0.1281,-0.3686,-0.3686,0,-0.065,PET,-0.3686,1.0,1.0,0,-0.065,0,0.8238,0.4119,100.0,Suspected
CD015120,5,ratio,Smoking cessation,0.0421,1,0.0833,0.8,1,0,0,0,0.0,0,-0.0923,-0.2298,2,-0.4533,PEESE,-0.0923,1.0,1.0,0,-1.0379,2,10.2505,3.9139,100.0,Suspected
CD015122,9,ratio,Blood transfusion,0.0285,1,0.1159,-0.4226,0,3,0,0,0.3333,0.1918,-0.7887,-0.6608,2,1.0517,PET,-0.7887,1.0,1.0,0,1.0517,1,2.3334,1.2072,50.0,Discordant
CD015124,8,ratio,Assessment of prognostic factors around breast cancer diagnosis,0.1867,0,0.1087,0.5,0,3,1,0,0.375,0.3341,-0.7514,-0.811,1,-0.9066,PEESE,-0.7514,1.0,1.0,0,-1.1983,0,0.5948,0.2202,100.0,Suspected
CD015134,6,ratio,Preterm birth,0.8153,0,1.0,0.0667,0,1,0,0,0.1667,0.1238,0.1504,0.1504,0,0.126,PET,0.1504,1.0,1.0,0,0.126,0,0.1618,0.0809,100.0,Clean
CD015140,5,ratio,Risk of relapse in drug-off time - fixed-effect model,0.828,0,0.8167,0.2,0,1,0,0,0.2,0.1606,-0.0917,-0.1128,1,0.0494,PET,-0.0917,1.0,1.0,0,0.0494,0,1.5383,0.8266,50.0,Discordant
CD015192,6,ratio,Surgical site infection rate,0.8267,0,0.7194,-0.2,0,0,0,0,0.0,0,0.1939,0.1939,0,0.7316,PET,0.1939,1.0,1.0,0,0.7316,0,2.7728,1.3864,100.0,Suspected
CD015213,12,ratio,Recurrence rate,0.9239,0,0.3348,0.2154,0,1,0,0,0.0833,0.049,-1.4942,-1.3981,1,-1.6218,PET,-1.4942,1.0,1.0,0,-1.6218,0,0.0854,0.0588,100.0,Clean
CD015219,18,ratio,All adverse events,0.1616,0,0.4101,0.1503,0,4,1,0,0.2222,0.2002,0.2382,0.2382,0,-0.0324,PET,0.2382,1.0,1.0,0,-0.0324,0,1.136,0.568,50.0,Discordant
CD015229,9,difference,Opiate consumption at 3 months,0.0673,1,0.2595,0.3333,0,4,1,0,0.4444,0.4444,-66.5402,-72.0295,2,-76.5613,PEESE,-66.5402,1.0,1.0,0,-77.1469,1,0.1594,0.0981,100.0,Clean
CD015252,7,ratio,Presence or persistence of OME,0.0208,1,0.0334,-0.6831,1,0,0,0,0.0,0,-0.121,-0.1022,3,-0.0432,PET,-0.121,1.0,1.0,0,-0.0432,2,0.643,0.3605,100.0,Suspected
CD015254,10,ratio,Sensitivity analysis: persistence (short-term) including cases of acute otitis (Mandel 1987),0.4914,0,0.2069,-0.3182,0,6,0,0,0.6,0.4074,-0.1347,-0.1347,0,-0.0574,PET,-0.1347,1.0,1.0,0,-0.0574,0,0.5736,0.2868,100.0,Suspected
CD015255,7,ratio,Persistence of OME (very short-term - up to 6 weeks),0.0195,1,0.069,-0.619,1,3,1,0,0.4286,0.3488,-0.2971,-0.2515,1,0.0932,PET,-0.2971,1.0,1.0,0,0.0932,2,1.3135,0.6951,50.0,Discordant
CD015284,5,ratio,Seizure freedom,0.2242,0,0.2333,0.6,0,3,0,0,0.6,0.4597,0.5278,0.4677,1,-0.2134,PET,0.5278,1.0,1.0,0,-0.2134,0,1.4044,0.7306,50.0,Discordant
CD015314,21,ratio,Tobacco cessation at longest follow-up,0.0046,1,0.0033,0.4571,1,10,1,0,0.4762,0.4293,0.5635,0.5039,3,0.0563,PET,0.5635,1.0,1.0,0,0.0563,2,0.9,0.4765,100.0,Suspected
CD015326,16,difference,zBMI (Medium Term),0.4918,0,0.5238,-0.1217,0,4,0,0,0.25,0.1822,-0.0719,-0.0707,1,-0.0484,PET,-0.0719,1.0,1.0,0,-0.0484,0,0.3276,0.1682,100.0,Clean
CD015328,27,difference,BMI short-term,0.1396,0,0.3475,0.1293,0,7,1,0,0.2593,0.2315,-0.1081,-0.1342,1,-0.0085,PET,-0.1081,1.0,1.0,0,-0.0085,0,0.9217,0.5211,100.0,Suspected
CD015330,11,difference,BMI short term,0.5279,0,0.4349,-0.1835,0,1,0,0,0.0909,0.0599,0.0301,0.0346,1,-0.016,PET,0.0301,1.0,1.0,0,-0.016,0,1.5318,0.8026,50.0,Discordant
CD015331,48,ratio,Leaving the study early - for any reason - overall acceptability (separated time points),0.6217,0,0.4083,0.0827,0,3,0,0,0.0625,0.0383,-0.168,-0.168,0,-0.2145,PET,-0.168,1.0,1.0,0,-0.2145,0,0.2771,0.1385,100.0,Clean
CD015332,5,ratio,Leaving the study early – for any reason – overall acceptability (separated time points),0.6862,0,0.2685,0.5,0,0,0,0,0.0,0,-0.2039,-0.2039,0,-0.1768,PET,-0.2039,1.0,1.0,0,-0.1768,0,0.1329,0.0664,100.0,Clean
CD015350,9,ratio,Proportion with non-serious or non-severe harms/adverse events,0.9268,0,0.2595,0.3333,0,2,0,0,0.2222,0.1851,-0.3511,-0.3511,0,-0.3982,PET,-0.3511,1.0,1.0,0,-0.3982,0,0.1341,0.0671,100.0,Clean
CD015373,5,ratio,Tolerability,0.6619,0,1.0,0.0,0,0,0,0,0.0,0,0.2238,0.2238,0,2.7061,PET,0.2238,1.0,1.0,0,2.7061,0,11.0924,5.5462,100.0,Suspected
CD015383,5,difference,Anxiety on STAI-T (scale 20 to 80),0.6572,0,0.8167,0.2,0,2,0,0,0.4,0.2454,-8.4087,-8.4087,0,-5.2179,PET,-8.4087,1.0,1.0,0,-5.2179,0,0.3795,0.1897,100.0,Clean
CD015387,21,ratio,All-cause mortality at the end of scheduled follow-up,0.0487,1,0.0747,-0.2816,1,5,0,0,0.2381,0.1564,-0.2345,-0.2155,4,-0.0593,PET,-0.2345,1.0,1.0,0,-0.0593,2,0.7472,0.3938,100.0,Suspected
CD015432,8,ratio,Number of children who required rescue medication 2 hours to less than 24 hours postintervention,0.1709,0,0.1789,-0.4286,0,3,0,0,0.375,0.2573,-0.129,-0.129,0,0.3198,PET,-0.129,1.0,1.0,0,0.3198,0,3.4795,1.7397,50.0,Discordant
CD015443,19,ratio,Discontinuations due to adverse events,0.498,0,0.1637,0.2398,0,8,1,0,0.4211,0.3383,0.6762,0.6221,3,0.4799,PET,0.6762,1.0,1.0,0,0.4799,0,0.2903,0.1652,100.0,Clean
CD015448,7,difference,Mean change from baseline in symptom scores at 4 weeks,0.0851,1,1.0,0.0476,0,0,0,0,0.0,0,1.6006,1.456,1,-0.0877,PET,1.6006,1.0,1.0,0,-0.0877,1,1.0548,0.55,50.0,Discordant
CD015476,15,ratio,Adenoma detection rate,0.4264,0,0.0003,0.6571,1,9,1,0,0.6,0.4878,0.1668,0.1585,2,0.1006,PET,0.1668,1.0,1.0,0,0.1006,1,0.3967,0.2108,100.0,Suspected
CD015518,12,difference,Cancer-related fatigue ≤ 12 weeks,0.7313,0,0.5452,-0.1515,0,2,0,0,0.1667,0.1665,-0.3902,-0.4516,3,-0.1899,PET,-0.3902,1.0,1.0,0,-0.1899,0,0.5133,0.296,100.0,Suspected
CD015520,5,difference,CRF ≤ 12 weeks,0.5169,0,1.0,0.0,0,1,0,0,0.2,0.169,-0.257,-0.2919,1,-0.3589,PET,-0.257,1.0,1.0,0,-0.3589,0,0.3963,0.2321,100.0,Suspected
CD015532,11,ratio,Overall mortality and in-hospital mortality,0.0548,1,0.121,0.3818,0,3,0,0,0.2727,0.1669,-0.0078,-0.0581,1,-0.344,PEESE,-0.0078,1.0,1.0,0,-0.7438,1,0.736,0.2806,100.0,Suspected
CD015536,10,ratio,Proportion of people with serious adverse events,0.7595,0,0.8618,-0.0667,0,2,0,0,0.2,0.1103,-0.4173,-0.4173,0,-0.1115,PET,-0.4173,1.0,1.0,0,-0.1115,0,0.7327,0.3664,100.0,Suspected
CD015584,13,ratio,Placement success,0.0276,1,0.0438,0.4394,1,3,0,0,0.2308,0.1557,0.0115,0.0115,0,-0.0352,PET,0.0115,1.0,1.0,0,-0.0352,2,4.0679,2.034,50.0,Discordant
CD015588,16,ratio,All-cause death,0.7089,0,0.4503,0.15,0,2,0,0,0.125,0.1087,-0.1581,-0.1637,1,-0.1217,PET,-0.1581,1.0,1.0,0,-0.1217,0,0.2301,0.1239,100.0,Clean
CD015636,5,ratio,Subgroup investigations – dengue virus (DENV) serotype,0.9528,0,0.8005,-0.1054,0,5,1,0,1.0,0.988,-1.4275,-1.4683,1,-1.4453,PEESE,-1.4275,1.0,1.0,0,-1.4505,0,0.0286,0.0143,100.0,Clean
CD015673,14,ratio,Dropouts,0.5471,0,0.2331,0.2527,0,0,0,0,0.0,0,-0.1174,-0.1174,0,-0.1775,PET,-0.1174,1.0,1.0,0,-0.1775,0,0.5109,0.2555,100.0,Suspected
CD015721,6,ratio,Functional independence: mRS score < 3 within 90 days,0.3412,0,0.4694,-0.3333,0,0,0,0,0.0,0,0.0161,0.0161,0,-0.0291,PET,0.0161,1.0,1.0,0,-0.0291,0,2.8076,1.4038,50.0,Discordant
CD015746,6,ratio,Acute typhoid fever,0.366,0,0.1361,-0.6,0,6,1,0,1.0,0.9988,-1.6091,-1.5761,1,-1.0176,PET,-1.6091,1.0,1.0,0,-1.0176,0,0.3676,0.1889,100.0,Clean
CD015779,6,ratio,Recurrence of rheumatic fever,0.0831,1,0.2722,-0.4667,0,1,0,0,0.1667,0.0987,-0.9324,-0.8844,1,-0.4227,PET,-0.9324,1.0,1.0,0,-0.4227,1,0.5467,0.2862,100.0,Suspected
CD015786,10,ratio,Early adverse effects,0.1273,0,0.0033,0.7949,1,0,0,0,0.0,0,-1.3609,-1.3609,0,-3.1203,PEESE,-1.3609,1.0,1.0,0,-4.3346,1,2.185,0.8694,100.0,Suspected
CD015788,8,ratio,Proportion of participants who were adherent,0.0616,1,0.5484,0.2143,0,3,0,0,0.375,0.2888,0.1667,0.1667,0,-0.143,PET,0.1667,1.0,1.0,0,-0.143,1,1.8576,0.9288,50.0,Discordant
CD015804,8,ratio,Proportion of participants who experienced TEAEs during the study period,0.9256,0,0.7195,0.1429,0,1,0,0,0.125,0.0687,-0.0293,-0.0312,1,-0.0351,PET,-0.0293,1.0,1.0,0,-0.0351,0,0.1978,0.1154,100.0,Clean
CD015824,5,ratio,Clinical worsening,0.9871,0,1.0,0.0,0,3,0,0,0.6,0.4733,-0.6349,-0.6349,0,-0.6383,PET,-0.6349,1.0,1.0,0,-0.6383,0,0.0054,0.0027,100.0,Clean
CD015849,7,ratio,All-cause death,0.5326,0,0.5619,-0.2381,0,2,0,0,0.2857,0.2401,-0.164,-0.1694,1,-0.2118,PET,-0.164,1.0,1.0,0,-0.2118,0,0.2918,0.1542,100.0,Clean
CD015854,5,ratio,Serious adverse event,0.8335,0,0.7947,-0.1111,0,0,0,0,0.0,0,-0.8275,-0.6947,1,-0.1287,PET,-0.8275,1.0,1.0,0,-0.1287,0,0.8445,0.4624,100.0,Suspected
CD015894,7,difference,Pain assessed with a validated scale for procedural pain in newborns during the procedure,0.9506,0,1.0,0.0476,0,4,1,0,0.5714,0.5184,-0.5632,-0.5632,0,-0.4985,PET,-0.5632,1.0,1.0,0,-0.4985,0,0.115,0.0575,100.0,Clean
CD015932,10,ratio,Rate of pulmonary complications – pneumonia (with RCT),0.712,0,0.0091,-0.6444,1,8,1,0,0.8,0.7981,-0.2841,-0.2499,1,-0.1905,PET,-0.2841,1.0,1.0,0,-0.1905,1,0.3293,0.1947,100.0,Clean
CD016031,28,ratio,"Comparison 3: Lateral vs posterior, Outcome 15: Adverse events, implant related (categorical data)",0.9683,0,0.5002,-0.0918,0,1,0,0,0.0357,0.0333,-0.2507,-0.2507,0,-0.2269,PET,-0.2507,1.0,1.0,0,-0.2269,0,0.095,0.0475,100.0,Clean
CD016064,5,ratio,Adverse events,0.0269,1,0.0833,0.8,1,0,0,0,0.0,0,0.2913,0.162,2,-0.6624,PET,0.2913,1.0,1.0,0,-0.6624,2,3.2735,1.7478,50.0,Discordant
CD016119,16,ratio,Requirement for blood transfusion,0.1768,0,0.7524,-0.0586,0,1,0,0,0.0625,0.0624,0.2936,0.3141,1,0.4845,PEESE,0.2936,1.0,1.0,0,0.7277,0,1.4786,0.5497,100.0,Suspected
CD016131,5,ratio,All-cause medically attended acute respiratory illnesses (MAARI),0.6289,0,0.8167,0.2,0,0,0,0,0.0,0,-0.3029,-0.3273,1,-0.5071,PET,-0.3029,1.0,1.0,0,-0.5071,0,0.6739,0.3571,100.0,Suspected
CD016136,30,difference,Implementation outcome,0.2934,0,0.1088,0.2092,0,19,1,0,0.6333,0.6217,0.9477,0.9477,0,0.7364,PEESE,0.9477,1.0,1.0,0,0.6384,0,0.3263,0.1373,100.0,Clean
CD016211,5,ratio,Maternal sepsis: subgroup analysis (polypharmacy vs monopharmacy),0.2579,0,0.4833,0.4,0,1,0,0,0.2,0.1998,-0.4165,-0.4297,2,-0.4346,PEESE,-0.4165,1.0,1.0,0,-0.4674,0,0.1224,0.0494,100.0,Clean
